-- phpMyAdmin SQL Dump
-- version 5.2.0
-- https://www.phpmyadmin.net/
--
-- Servidor: 127.0.0.1
-- Tiempo de generación: 29-05-2024 a las 01:29:24
-- Versión del servidor: 10.4.27-MariaDB
-- Versión de PHP: 8.2.0

SET SQL_MODE = "NO_AUTO_VALUE_ON_ZERO";
START TRANSACTION;
SET time_zone = "+00:00";


/*!40101 SET @OLD_CHARACTER_SET_CLIENT=@@CHARACTER_SET_CLIENT */;
/*!40101 SET @OLD_CHARACTER_SET_RESULTS=@@CHARACTER_SET_RESULTS */;
/*!40101 SET @OLD_COLLATION_CONNECTION=@@COLLATION_CONNECTION */;
/*!40101 SET NAMES utf8mb4 */;

--
-- Base de datos: `pfinal software`
--

-- --------------------------------------------------------

--
-- Estructura de tabla para la tabla `auditoria`
--

CREATE TABLE `auditoria` (
  `IdAuditoria` int(11) NOT NULL,
  `Fecha` date NOT NULL,
  `Hora` time NOT NULL,
  `nombreTablaMov` varchar(100) NOT NULL,
  `idRegistroMov` int(11) NOT NULL,
  `createdAt` date NOT NULL,
  `updatedAt` date NOT NULL,
  `IDUsuarios` int(11) NOT NULL,
  `idTipoMovimiento` int(11) NOT NULL
) ENGINE=InnoDB DEFAULT CHARSET=utf8mb4 COLLATE=utf8mb4_general_ci;

--
-- Volcado de datos para la tabla `auditoria`
--

INSERT INTO `auditoria` (`IdAuditoria`, `Fecha`, `Hora`, `nombreTablaMov`, `idRegistroMov`, `createdAt`, `updatedAt`, `IDUsuarios`, `idTipoMovimiento`) VALUES
(9, '2023-10-17', '12:17:45', 'usuario', 1, '2023-10-17', '2023-10-17', 1, 1),
(10, '2023-10-17', '12:18:52', 'rol', 4, '2023-10-17', '2023-10-17', 1, 1),
(11, '2023-10-17', '12:28:11', 'tipomovimiento', 4, '2023-10-17', '2023-10-17', 1, 1),
(12, '2023-10-17', '12:30:25', 'lote', 1, '2023-10-17', '2023-10-17', 1, 1),
(13, '2023-10-17', '12:33:41', 'venta', 3, '2023-10-17', '2023-10-17', 1, 1),
(14, '2023-10-17', '12:34:19', 'venta', 4, '2023-10-17', '2023-10-17', 1, 1),
(15, '2023-10-17', '12:38:02', 'inventario', 1, '2023-10-17', '2023-10-17', 1, 1),
(16, '2023-10-17', '12:40:26', 'detalle_factura', 9, '2023-10-17', '2023-10-17', 1, 1),
(17, '2023-10-17', '12:42:46', 'proveedor', 1, '2023-10-17', '2023-10-17', 1, 2),
(18, '2023-10-17', '12:43:06', 'proveedor', 3, '2023-10-17', '2023-10-17', 1, 1),
(19, '2023-10-17', '12:43:38', 'medicamento', 1, '2023-10-17', '2023-10-17', 1, 2),
(20, '2023-10-17', '12:44:03', 'medicamento', 2, '2023-10-17', '2023-10-17', 1, 1),
(21, '2023-10-17', '12:44:46', 'cliente', 2, '2023-10-17', '2023-10-17', 1, 1),
(22, '2023-10-17', '12:45:04', 'cliente', 2, '2023-10-17', '2023-10-17', 1, 2),
(23, '2023-10-17', '12:48:26', 'medicamento', 3, '2023-10-17', '2023-10-17', 1, 1),
(24, '2023-10-17', '12:48:41', 'proveedor', 4, '2023-10-17', '2023-10-17', 1, 1),
(25, '2023-10-17', '12:48:48', 'medicamento', 3, '2023-10-17', '2023-10-17', 1, 2),
(26, '2023-10-17', '18:32:13', 'detalle_factura', 10, '2023-10-18', '2023-10-18', 1, 1),
(27, '2023-10-17', '18:32:27', 'detalle_factura', 11, '2023-10-18', '2023-10-18', 1, 1),
(28, '2023-10-18', '06:42:31', 'proveedor', 5, '2023-10-18', '2023-10-18', 1, 1),
(29, '2023-10-18', '07:27:45', 'venta', 5, '2023-10-18', '2023-10-18', 1, 1),
(30, '2023-10-18', '07:53:34', 'venta', 6, '2023-10-18', '2023-10-18', 1, 1),
(31, '2023-10-18', '07:54:01', 'venta', 7, '2023-10-18', '2023-10-18', 1, 1),
(32, '2023-10-18', '07:54:59', 'venta', 8, '2023-10-18', '2023-10-18', 1, 1),
(33, '2023-10-18', '07:55:45', 'venta', 9, '2023-10-18', '2023-10-18', 1, 1),
(34, '2023-10-18', '07:56:09', 'venta', 10, '2023-10-18', '2023-10-18', 1, 1),
(35, '2023-10-18', '07:56:44', 'venta', 11, '2023-10-18', '2023-10-18', 1, 1),
(36, '2023-10-18', '08:02:12', 'venta', 12, '2023-10-18', '2023-10-18', 1, 1),
(37, '2023-11-13', '19:35:45', 'venta', 18, '2023-11-14', '2023-11-14', 1, 1),
(38, '2023-11-13', '19:38:08', 'venta', 19, '2023-11-14', '2023-11-14', 1, 1),
(39, '2023-11-13', '19:41:37', 'venta', 22, '2023-11-14', '2023-11-14', 1, 1),
(40, '2023-11-13', '19:44:48', 'venta', 23, '2023-11-14', '2023-11-14', 1, 1),
(41, '2023-11-13', '19:45:51', 'venta', 24, '2023-11-14', '2023-11-14', 1, 1),
(42, '2023-11-13', '19:53:26', 'venta', 25, '2023-11-14', '2023-11-14', 1, 1),
(43, '2023-11-13', '19:54:18', 'venta', 26, '2023-11-14', '2023-11-14', 1, 1),
(44, '2023-11-13', '19:56:31', 'venta', 27, '2023-11-14', '2023-11-14', 1, 1),
(45, '2023-11-13', '19:57:22', 'venta', 28, '2023-11-14', '2023-11-14', 1, 1),
(46, '2023-11-13', '19:58:16', 'venta', 29, '2023-11-14', '2023-11-14', 1, 1),
(47, '2023-11-13', '20:01:38', 'venta', 30, '2023-11-14', '2023-11-14', 1, 1),
(48, '2023-11-13', '20:04:01', 'venta', 31, '2023-11-14', '2023-11-14', 1, 1),
(49, '2023-11-13', '20:05:15', 'venta', 32, '2023-11-14', '2023-11-14', 1, 1),
(50, '2023-11-13', '20:06:25', 'venta', 33, '2023-11-14', '2023-11-14', 1, 1),
(51, '2023-11-13', '20:11:33', 'venta', 34, '2023-11-14', '2023-11-14', 1, 1),
(52, '2023-11-13', '20:12:41', 'venta', 35, '2023-11-14', '2023-11-14', 1, 1),
(53, '2023-11-13', '20:17:27', 'venta', 36, '2023-11-14', '2023-11-14', 1, 1),
(54, '2023-11-13', '20:28:41', 'venta', 37, '2023-11-14', '2023-11-14', 1, 1),
(55, '2023-11-13', '20:31:57', 'venta', 38, '2023-11-14', '2023-11-14', 1, 1),
(56, '2023-11-13', '20:32:37', 'venta', 39, '2023-11-14', '2023-11-14', 1, 1),
(57, '2023-11-13', '20:34:32', 'venta', 40, '2023-11-14', '2023-11-14', 1, 1),
(58, '2023-11-13', '20:36:32', 'venta', 41, '2023-11-14', '2023-11-14', 1, 1),
(59, '2023-11-13', '20:36:53', 'venta', 42, '2023-11-14', '2023-11-14', 1, 1),
(60, '2023-11-13', '20:37:27', 'venta', 43, '2023-11-14', '2023-11-14', 1, 1),
(61, '2023-11-13', '23:35:58', 'venta', 44, '2023-11-14', '2023-11-14', 1, 1),
(62, '2023-11-13', '23:36:02', 'detalle_factura', 18, '2023-11-14', '2023-11-14', 1, 1),
(63, '2023-11-13', '23:36:14', 'detalle_factura', 19, '2023-11-14', '2023-11-14', 1, 1),
(64, '2023-11-13', '23:39:40', 'venta', 45, '2023-11-14', '2023-11-14', 1, 1),
(65, '2023-11-13', '23:40:05', 'detalle_factura', 20, '2023-11-14', '2023-11-14', 1, 1),
(66, '2023-11-13', '23:47:11', 'venta', 46, '2023-11-14', '2023-11-14', 1, 1),
(67, '2023-11-13', '23:47:34', 'detalle_factura', 21, '2023-11-14', '2023-11-14', 1, 1),
(68, '2023-11-13', '23:49:08', 'detalle_factura', 22, '2023-11-14', '2023-11-14', 1, 1),
(69, '2023-11-13', '23:49:48', 'detalle_factura', 23, '2023-11-14', '2023-11-14', 1, 1),
(70, '2023-11-13', '23:49:56', 'venta', 47, '2023-11-14', '2023-11-14', 1, 1),
(71, '2023-11-13', '23:50:03', 'detalle_factura', 24, '2023-11-14', '2023-11-14', 1, 1),
(72, '2023-11-13', '23:54:16', 'detalle_factura', 25, '2023-11-14', '2023-11-14', 1, 1),
(73, '2023-11-13', '23:54:44', 'detalle_factura', 26, '2023-11-14', '2023-11-14', 1, 1),
(74, '2023-11-13', '23:55:12', 'detalle_factura', 27, '2023-11-14', '2023-11-14', 1, 1),
(75, '2023-11-13', '23:55:28', 'detalle_factura', 28, '2023-11-14', '2023-11-14', 1, 1),
(76, '2023-11-13', '23:55:37', 'detalle_factura', 29, '2023-11-14', '2023-11-14', 1, 1),
(77, '2023-11-13', '23:56:16', 'detalle_factura', 30, '2023-11-14', '2023-11-14', 1, 1),
(78, '2023-11-13', '23:56:21', 'detalle_factura', 31, '2023-11-14', '2023-11-14', 1, 1),
(79, '2023-11-13', '23:56:33', 'detalle_factura', 31, '2023-11-14', '2023-11-14', 1, 3),
(80, '2023-11-13', '23:56:57', 'detalle_factura', 30, '2023-11-14', '2023-11-14', 1, 3),
(81, '2023-11-14', '00:06:54', 'detalle_factura', 32, '2023-11-14', '2023-11-14', 1, 1),
(82, '2023-11-14', '08:42:50', 'venta', 48, '2023-11-14', '2023-11-14', 1, 1),
(83, '2023-11-14', '08:43:02', 'detalle_factura', 33, '2023-11-14', '2023-11-14', 1, 1),
(84, '2023-11-14', '09:08:12', 'venta', 49, '2023-11-14', '2023-11-14', 1, 1),
(85, '2023-11-14', '09:08:19', 'detalle_factura', 1, '2023-11-14', '2023-11-14', 1, 1),
(86, '2023-11-14', '09:09:54', 'detalle_factura', 2, '2023-11-14', '2023-11-14', 1, 1),
(87, '2023-11-14', '09:13:35', 'detalle_factura', 3, '2023-11-14', '2023-11-14', 1, 1),
(88, '2023-11-14', '09:18:14', 'detalle_factura', 3, '2023-11-14', '2023-11-14', 1, 3),
(89, '2023-11-14', '10:25:28', 'detalle_factura', 2, '2023-11-14', '2023-11-14', 1, 3),
(90, '2023-11-14', '10:29:34', 'venta', 50, '2023-11-14', '2023-11-14', 1, 1),
(91, '2023-11-14', '10:29:47', 'detalle_factura', 4, '2023-11-14', '2023-11-14', 1, 1),
(92, '2023-11-14', '10:29:57', 'detalle_factura', 5, '2023-11-14', '2023-11-14', 1, 1),
(93, '2023-11-14', '10:29:59', 'detalle_factura', 6, '2023-11-14', '2023-11-14', 1, 1),
(94, '2023-11-14', '16:10:06', 'venta', 51, '2023-11-14', '2023-11-14', 1, 1),
(95, '2023-11-14', '16:10:18', 'detalle_factura', 7, '2023-11-14', '2023-11-14', 1, 1),
(96, '2023-11-14', '16:10:28', 'detalle_factura', 8, '2023-11-14', '2023-11-14', 1, 1),
(97, '2023-11-14', '16:14:11', 'detalle_factura', 7, '2023-11-14', '2023-11-14', 1, 3),
(98, '2023-11-14', '16:14:11', 'detalle_factura', 8, '2023-11-14', '2023-11-14', 1, 3),
(99, '2023-11-14', '16:14:56', 'detalle_factura', 9, '2023-11-14', '2023-11-14', 1, 1),
(100, '2023-11-14', '16:15:03', 'detalle_factura', 10, '2023-11-14', '2023-11-14', 1, 1),
(101, '2023-11-14', '16:15:20', 'detalle_factura', 9, '2023-11-14', '2023-11-14', 1, 3),
(102, '2023-11-14', '16:15:20', 'detalle_factura', 10, '2023-11-14', '2023-11-14', 1, 3),
(103, '2023-11-14', '16:16:21', 'detalle_factura', 11, '2023-11-14', '2023-11-14', 1, 1),
(104, '2023-11-14', '16:16:27', 'detalle_factura', 12, '2023-11-14', '2023-11-14', 1, 1),
(105, '2023-11-14', '16:16:29', 'detalle_factura', 11, '2023-11-14', '2023-11-14', 1, 3),
(106, '2023-11-14', '16:16:29', 'detalle_factura', 12, '2023-11-14', '2023-11-14', 1, 3),
(107, '2023-11-14', '16:16:56', 'detalle_factura', 13, '2023-11-14', '2023-11-14', 1, 1),
(108, '2023-11-14', '16:17:00', 'detalle_factura', 14, '2023-11-14', '2023-11-14', 1, 1),
(109, '2023-11-14', '16:19:00', 'detalle_factura', 13, '2023-11-14', '2023-11-14', 1, 3),
(110, '2023-11-14', '16:19:00', 'detalle_factura', 14, '2023-11-14', '2023-11-14', 1, 3),
(111, '2023-11-14', '16:21:42', 'detalle_factura', 15, '2023-11-14', '2023-11-14', 1, 1),
(112, '2023-11-14', '16:21:46', 'detalle_factura', 16, '2023-11-14', '2023-11-14', 1, 1),
(113, '2023-11-14', '16:34:31', 'detalle_factura', 15, '2023-11-14', '2023-11-14', 1, 3),
(114, '2023-11-14', '16:34:31', 'detalle_factura', 16, '2023-11-14', '2023-11-14', 1, 3),
(115, '2023-11-14', '16:35:01', 'detalle_factura', 17, '2023-11-14', '2023-11-14', 1, 1),
(116, '2023-11-14', '16:35:10', 'detalle_factura', 18, '2023-11-14', '2023-11-14', 1, 1),
(117, '2023-11-14', '16:35:20', 'detalle_factura', 17, '2023-11-14', '2023-11-14', 1, 3),
(118, '2023-11-14', '16:35:20', 'detalle_factura', 18, '2023-11-14', '2023-11-14', 1, 3),
(119, '2023-11-14', '16:37:07', 'detalle_factura', 19, '2023-11-14', '2023-11-14', 1, 1),
(120, '2023-11-14', '16:37:10', 'detalle_factura', 20, '2023-11-14', '2023-11-14', 1, 1),
(121, '2023-11-14', '16:42:41', 'venta', 52, '2023-11-14', '2023-11-14', 1, 1),
(122, '2023-11-14', '16:43:08', 'detalle_factura', 21, '2023-11-14', '2023-11-14', 1, 1),
(123, '2023-11-14', '16:43:12', 'detalle_factura', 22, '2023-11-14', '2023-11-14', 1, 1),
(124, '2023-11-14', '16:43:17', 'detalle_factura', 21, '2023-11-14', '2023-11-14', 1, 3),
(125, '2023-11-14', '16:43:17', 'detalle_factura', 22, '2023-11-14', '2023-11-14', 1, 3),
(126, '2023-11-14', '16:53:46', 'detalle_factura', 23, '2023-11-14', '2023-11-14', 1, 1),
(127, '2023-11-14', '16:53:55', 'detalle_factura', 24, '2023-11-14', '2023-11-14', 1, 1),
(128, '2023-11-14', '16:54:04', 'detalle_factura', 24, '2023-11-14', '2023-11-14', 1, 3),
(129, '2023-11-14', '16:54:04', 'detalle_factura', 23, '2023-11-14', '2023-11-14', 1, 3),
(130, '2023-11-14', '16:57:55', 'venta', 53, '2023-11-14', '2023-11-14', 1, 1),
(131, '2023-11-14', '16:58:11', 'detalle_factura', 25, '2023-11-14', '2023-11-14', 1, 1),
(132, '2023-11-14', '16:58:14', 'detalle_factura', 26, '2023-11-14', '2023-11-14', 1, 1),
(133, '2023-11-14', '16:58:22', 'detalle_factura', 26, '2023-11-14', '2023-11-14', 1, 3),
(134, '2023-11-14', '16:58:22', 'detalle_factura', 25, '2023-11-14', '2023-11-14', 1, 3),
(135, '2023-11-14', '17:02:12', 'venta', 54, '2023-11-14', '2023-11-14', 1, 1),
(136, '2023-11-14', '17:02:18', 'detalle_factura', 27, '2023-11-14', '2023-11-14', 1, 1),
(137, '2023-11-14', '17:02:22', 'detalle_factura', 28, '2023-11-14', '2023-11-14', 1, 1),
(138, '2023-11-14', '17:02:31', 'detalle_factura', 28, '2023-11-14', '2023-11-14', 1, 3),
(139, '2023-11-14', '17:02:40', 'detalle_factura', 27, '2023-11-14', '2023-11-14', 1, 3),
(140, '2023-11-14', '17:02:54', 'detalle_factura', 29, '2023-11-14', '2023-11-14', 1, 1),
(141, '2023-11-14', '17:02:56', 'detalle_factura', 30, '2023-11-14', '2023-11-14', 1, 1),
(142, '2023-11-14', '17:02:58', 'detalle_factura', 29, '2023-11-14', '2023-11-14', 1, 3),
(143, '2023-11-14', '17:02:58', 'detalle_factura', 30, '2023-11-14', '2023-11-14', 1, 3),
(144, '2023-11-14', '17:05:23', 'detalle_factura', 31, '2023-11-14', '2023-11-14', 1, 1),
(145, '2023-11-14', '17:05:27', 'detalle_factura', 31, '2023-11-14', '2023-11-14', 1, 3),
(146, '2023-11-14', '17:05:36', 'detalle_factura', 32, '2023-11-14', '2023-11-14', 1, 1),
(147, '2023-11-14', '17:05:41', 'detalle_factura', 33, '2023-11-14', '2023-11-14', 1, 1),
(148, '2023-11-14', '17:05:44', 'detalle_factura', 34, '2023-11-14', '2023-11-14', 1, 1),
(149, '2023-11-14', '17:05:54', 'detalle_factura', 33, '2023-11-14', '2023-11-14', 1, 3),
(150, '2023-11-14', '17:05:54', 'detalle_factura', 32, '2023-11-14', '2023-11-14', 1, 3),
(151, '2023-11-14', '17:05:54', 'detalle_factura', 34, '2023-11-14', '2023-11-14', 1, 3),
(152, '2023-11-14', '17:11:15', 'venta', 55, '2023-11-14', '2023-11-14', 1, 1),
(153, '2023-11-14', '17:11:21', 'detalle_factura', 35, '2023-11-14', '2023-11-14', 1, 1),
(154, '2023-11-14', '17:11:24', 'detalle_factura', 36, '2023-11-14', '2023-11-14', 1, 1),
(155, '2023-11-14', '17:11:30', 'detalle_factura', 35, '2023-11-14', '2023-11-14', 1, 3),
(156, '2023-11-14', '17:11:31', 'detalle_factura', 36, '2023-11-14', '2023-11-14', 1, 3),
(157, '2023-11-14', '17:11:48', 'detalle_factura', 37, '2023-11-14', '2023-11-14', 1, 1),
(158, '2023-11-14', '17:11:52', 'detalle_factura', 38, '2023-11-14', '2023-11-14', 1, 1),
(159, '2023-11-14', '17:11:55', 'detalle_factura', 39, '2023-11-14', '2023-11-14', 1, 1),
(160, '2023-11-14', '17:12:17', 'detalle_factura', 37, '2023-11-14', '2023-11-14', 1, 3),
(161, '2023-11-14', '17:12:17', 'detalle_factura', 38, '2023-11-14', '2023-11-14', 1, 3),
(162, '2023-11-14', '17:12:17', 'detalle_factura', 39, '2023-11-14', '2023-11-14', 1, 3),
(163, '2023-11-14', '17:26:18', 'venta', 1, '2023-11-14', '2023-11-14', 1, 1),
(164, '2023-11-14', '17:26:53', 'detalle_factura', 1, '2023-11-14', '2023-11-14', 1, 1),
(165, '2023-11-14', '17:26:56', 'detalle_factura', 2, '2023-11-14', '2023-11-14', 1, 1),
(166, '2023-11-14', '17:27:18', 'detalle_factura', 1, '2023-11-14', '2023-11-14', 1, 3),
(167, '2023-11-14', '17:28:51', 'venta', 2, '2023-11-14', '2023-11-14', 1, 1),
(168, '2023-11-14', '17:29:01', 'detalle_factura', 3, '2023-11-14', '2023-11-14', 1, 1),
(169, '2023-11-14', '17:29:05', 'detalle_factura', 4, '2023-11-14', '2023-11-14', 1, 1),
(170, '2023-11-14', '17:29:09', 'detalle_factura', 5, '2023-11-14', '2023-11-14', 1, 1),
(171, '2023-11-14', '17:29:32', 'detalle_factura', 3, '2023-11-14', '2023-11-14', 1, 3),
(172, '2023-11-14', '17:29:32', 'detalle_factura', 4, '2023-11-14', '2023-11-14', 1, 3),
(173, '2023-11-14', '17:29:32', 'detalle_factura', 5, '2023-11-14', '2023-11-14', 1, 3),
(174, '2023-11-14', '17:29:32', 'venta', 2, '2023-11-14', '2023-11-14', 1, 2),
(175, '2023-11-14', '17:31:07', 'venta', 2, '2023-11-14', '2023-11-14', 1, 3),
(176, '2023-11-14', '17:32:31', 'venta', 3, '2023-11-14', '2023-11-14', 1, 1),
(177, '2023-11-14', '17:32:36', 'detalle_factura', 6, '2023-11-14', '2023-11-14', 1, 1),
(178, '2023-11-14', '17:32:38', 'detalle_factura', 6, '2023-11-14', '2023-11-14', 1, 3),
(179, '2023-11-14', '17:32:38', 'venta', 3, '2023-11-14', '2023-11-14', 1, 3),
(180, '2023-11-14', '17:33:25', 'venta', 4, '2023-11-14', '2023-11-14', 1, 1),
(181, '2023-11-14', '17:33:31', 'detalle_factura', 7, '2023-11-14', '2023-11-14', 1, 1),
(182, '2023-11-14', '17:33:33', 'detalle_factura', 7, '2023-11-14', '2023-11-14', 1, 3),
(183, '2023-11-14', '17:33:33', 'venta', 4, '2023-11-14', '2023-11-14', 1, 3),
(184, '2023-11-14', '17:34:00', 'venta', 5, '2023-11-14', '2023-11-14', 1, 1),
(185, '2023-11-14', '17:34:07', 'detalle_factura', 8, '2023-11-14', '2023-11-14', 1, 1),
(186, '2023-11-14', '17:34:15', 'detalle_factura', 8, '2023-11-14', '2023-11-14', 1, 3),
(187, '2023-11-14', '17:34:15', 'venta', 5, '2023-11-14', '2023-11-14', 1, 3),
(188, '2023-11-14', '18:00:32', 'venta', 6, '2023-11-15', '2023-11-15', 1, 1),
(189, '2023-11-14', '18:00:39', 'detalle_factura', 9, '2023-11-15', '2023-11-15', 1, 1),
(190, '2023-11-14', '18:00:56', 'detalle_factura', 9, '2023-11-15', '2023-11-15', 1, 3),
(191, '2023-11-14', '18:00:57', 'venta', 6, '2023-11-15', '2023-11-15', 1, 3),
(192, '2023-11-14', '18:02:05', 'venta', 7, '2023-11-15', '2023-11-15', 1, 1),
(193, '2023-11-14', '18:03:09', 'venta', 7, '2023-11-15', '2023-11-15', 1, 3),
(194, '2023-11-14', '18:07:22', 'venta', 8, '2023-11-15', '2023-11-15', 1, 1),
(195, '2023-11-14', '18:07:28', 'venta', 9, '2023-11-15', '2023-11-15', 1, 1),
(196, '2023-11-14', '18:07:30', 'venta', 9, '2023-11-15', '2023-11-15', 1, 3),
(197, '2023-11-14', '18:08:27', 'venta', 10, '2023-11-15', '2023-11-15', 1, 1),
(198, '2023-11-14', '18:08:37', 'detalle_factura', 12, '2023-11-15', '2023-11-15', 1, 1),
(199, '2023-11-14', '18:08:47', 'detalle_factura', 12, '2023-11-15', '2023-11-15', 1, 3),
(200, '2023-11-14', '18:08:47', 'venta', 10, '2023-11-15', '2023-11-15', 1, 3),
(201, '2023-11-14', '18:09:59', 'venta', 11, '2023-11-15', '2023-11-15', 1, 1),
(202, '2023-11-14', '18:10:04', 'detalle_factura', 13, '2023-11-15', '2023-11-15', 1, 1),
(203, '2023-11-14', '18:10:05', 'detalle_factura', 13, '2023-11-15', '2023-11-15', 1, 3),
(204, '2023-11-14', '18:14:55', 'venta', 12, '2023-11-15', '2023-11-15', 1, 1),
(205, '2023-11-14', '18:14:58', 'venta', 13, '2023-11-15', '2023-11-15', 1, 1),
(206, '2023-11-14', '18:15:03', 'venta', 14, '2023-11-15', '2023-11-15', 1, 1),
(207, '2023-11-14', '18:17:43', 'venta', 15, '2023-11-15', '2023-11-15', 1, 1),
(208, '2023-11-14', '18:17:50', 'detalle_factura', 14, '2023-11-15', '2023-11-15', 1, 1),
(209, '2023-11-14', '18:17:57', 'detalle_factura', 14, '2023-11-15', '2023-11-15', 1, 3),
(210, '2023-11-14', '18:24:17', 'venta', 16, '2023-11-15', '2023-11-15', 1, 1),
(211, '2023-11-14', '18:24:18', 'venta', 16, '2023-11-15', '2023-11-15', 1, 3),
(212, '2023-11-14', '18:24:28', 'venta', 17, '2023-11-15', '2023-11-15', 1, 1),
(213, '2023-11-14', '18:24:30', 'detalle_factura', 15, '2023-11-15', '2023-11-15', 1, 1),
(214, '2023-11-14', '18:24:32', 'detalle_factura', 15, '2023-11-15', '2023-11-15', 1, 3),
(215, '2023-11-14', '19:41:57', 'venta', 18, '2023-11-15', '2023-11-15', 1, 1),
(216, '2023-11-14', '19:43:31', 'detalle_factura', 16, '2023-11-15', '2023-11-15', 1, 1),
(217, '2023-11-14', '19:43:34', 'detalle_factura', 16, '2023-11-15', '2023-11-15', 1, 3),
(218, '2023-11-14', '19:43:34', 'venta', 18, '2023-11-15', '2023-11-15', 1, 3),
(219, '2023-11-14', '19:49:06', 'venta', 19, '2023-11-15', '2023-11-15', 1, 1),
(220, '2023-11-14', '19:49:13', 'detalle_factura', 17, '2023-11-15', '2023-11-15', 1, 1),
(221, '2023-11-14', '19:49:17', 'detalle_factura', 17, '2023-11-15', '2023-11-15', 1, 3),
(222, '2023-11-14', '19:56:24', 'venta', 20, '2023-11-15', '2023-11-15', 1, 1),
(223, '2023-11-14', '19:56:48', 'venta', 21, '2023-11-15', '2023-11-15', 1, 1),
(224, '2023-11-14', '20:02:22', 'venta', 22, '2023-11-15', '2023-11-15', 1, 1),
(225, '2023-11-14', '20:02:58', 'venta', 23, '2023-11-15', '2023-11-15', 1, 1),
(226, '2023-11-14', '20:03:20', 'venta', 24, '2023-11-15', '2023-11-15', 1, 1),
(227, '2023-11-14', '20:20:23', 'venta', 25, '2023-11-15', '2023-11-15', 1, 1),
(228, '2023-11-14', '20:20:30', 'detalle_factura', 18, '2023-11-15', '2023-11-15', 1, 1),
(229, '2023-11-14', '20:20:32', 'detalle_factura', 18, '2023-11-15', '2023-11-15', 1, 3),
(230, '2023-11-14', '20:20:32', 'venta', 25, '2023-11-15', '2023-11-15', 1, 3),
(231, '2023-11-14', '20:24:24', 'venta', 26, '2023-11-15', '2023-11-15', 1, 1),
(232, '2023-11-14', '20:24:29', 'detalle_factura', 19, '2023-11-15', '2023-11-15', 1, 1),
(233, '2023-11-14', '20:24:31', 'detalle_factura', 19, '2023-11-15', '2023-11-15', 1, 3),
(234, '2023-11-14', '20:24:31', 'venta', 26, '2023-11-15', '2023-11-15', 1, 3),
(235, '2023-11-14', '20:26:26', 'venta', 27, '2023-11-15', '2023-11-15', 1, 1),
(236, '2023-11-14', '20:26:31', 'detalle_factura', 20, '2023-11-15', '2023-11-15', 1, 1),
(237, '2023-11-14', '20:26:32', 'detalle_factura', 20, '2023-11-15', '2023-11-15', 1, 3),
(238, '2023-11-14', '20:26:32', 'venta', 27, '2023-11-15', '2023-11-15', 1, 3),
(239, '2023-11-14', '20:27:01', 'venta', 28, '2023-11-15', '2023-11-15', 1, 1),
(240, '2023-11-14', '20:27:46', 'venta', 29, '2023-11-15', '2023-11-15', 1, 1),
(241, '2023-11-14', '20:27:52', 'detalle_factura', 21, '2023-11-15', '2023-11-15', 1, 1),
(242, '2023-11-14', '20:27:53', 'detalle_factura', 21, '2023-11-15', '2023-11-15', 1, 3),
(243, '2023-11-14', '20:27:53', 'venta', 29, '2023-11-15', '2023-11-15', 1, 3),
(244, '2023-11-14', '20:31:16', 'venta', 30, '2023-11-15', '2023-11-15', 1, 1),
(245, '2023-11-14', '20:31:21', 'detalle_factura', 22, '2023-11-15', '2023-11-15', 1, 1),
(246, '2023-11-14', '20:31:22', 'detalle_factura', 22, '2023-11-15', '2023-11-15', 1, 3),
(247, '2023-11-14', '20:31:22', 'venta', 30, '2023-11-15', '2023-11-15', 1, 3),
(248, '2023-11-14', '21:17:05', 'venta', 31, '2023-11-15', '2023-11-15', 1, 1),
(249, '2023-11-14', '21:17:24', 'detalle_factura', 23, '2023-11-15', '2023-11-15', 1, 1),
(250, '2023-11-14', '21:17:27', 'detalle_factura', 23, '2023-11-15', '2023-11-15', 1, 3),
(251, '2023-11-14', '21:17:27', 'venta', 31, '2023-11-15', '2023-11-15', 1, 3),
(252, '2023-11-14', '21:27:00', 'venta', 32, '2023-11-15', '2023-11-15', 1, 1),
(253, '2023-11-14', '21:27:05', 'detalle_factura', 24, '2023-11-15', '2023-11-15', 1, 1),
(254, '2023-11-14', '21:27:06', 'detalle_factura', 24, '2023-11-15', '2023-11-15', 1, 3),
(255, '2023-11-14', '21:27:06', 'venta', 32, '2023-11-15', '2023-11-15', 1, 3),
(256, '2023-11-14', '21:28:48', 'venta', 33, '2023-11-15', '2023-11-15', 1, 1),
(257, '2023-11-14', '21:28:59', 'venta', 33, '2023-11-15', '2023-11-15', 1, 3),
(258, '2023-11-14', '21:29:13', 'venta', 34, '2023-11-15', '2023-11-15', 1, 1),
(259, '2023-11-14', '21:29:20', 'venta', 34, '2023-11-15', '2023-11-15', 1, 3),
(260, '2023-11-14', '21:33:10', 'venta', 35, '2023-11-15', '2023-11-15', 1, 1),
(261, '2023-11-14', '21:33:20', 'detalle_factura', 25, '2023-11-15', '2023-11-15', 1, 1),
(262, '2023-11-14', '21:33:32', 'detalle_factura', 26, '2023-11-15', '2023-11-15', 1, 1),
(263, '2023-11-14', '21:38:18', 'venta', 35, '2023-11-15', '2023-11-15', 1, 2),
(264, '2023-11-14', '21:40:58', 'venta', 35, '2023-11-15', '2023-11-15', 1, 2),
(265, '2023-11-14', '21:41:32', 'venta', 35, '2023-11-15', '2023-11-15', 1, 2),
(266, '2023-11-14', '22:42:25', 'venta', 36, '2023-11-15', '2023-11-15', 1, 1),
(267, '2023-11-14', '22:42:33', 'detalle_factura', 27, '2023-11-15', '2023-11-15', 1, 1),
(268, '2023-11-14', '22:42:42', 'detalle_factura', 28, '2023-11-15', '2023-11-15', 1, 1),
(269, '2023-11-14', '22:42:56', 'detalle_factura', 27, '2023-11-15', '2023-11-15', 1, 3),
(270, '2023-11-14', '22:42:56', 'detalle_factura', 28, '2023-11-15', '2023-11-15', 1, 3),
(271, '2023-11-14', '22:42:56', 'venta', 36, '2023-11-15', '2023-11-15', 1, 3),
(272, '2023-11-14', '22:45:43', 'inventario', 1, '2023-11-15', '2023-11-15', 1, 2),
(273, '2023-11-14', '23:45:15', 'medicamento', 3, '2023-11-15', '2023-11-15', 1, 2),
(274, '2023-11-14', '23:47:44', 'medicamento', 3, '2023-11-15', '2023-11-15', 1, 2),
(275, '2023-11-14', '23:50:22', 'cliente', 3, '2023-11-15', '2023-11-15', 1, 1),
(276, '2023-11-14', '23:55:16', 'lote', 2, '2023-11-15', '2023-11-15', 1, 1),
(277, '2023-11-14', '23:55:25', 'lote', 3, '2023-11-15', '2023-11-15', 1, 1),
(278, '2023-11-14', '23:59:15', 'inventario', 2, '2023-11-15', '2023-11-15', 1, 1),
(279, '2023-11-15', '00:00:29', 'inventario', 3, '2023-11-15', '2023-11-15', 1, 1),
(280, '2023-11-15', '00:01:20', 'inventario', 4, '2023-11-15', '2023-11-15', 1, 1),
(281, '2023-11-15', '09:10:36', 'inventario', 5, '2023-11-15', '2023-11-15', 1, 1),
(282, '2023-11-15', '09:10:47', 'inventario', 5, '2023-11-15', '2023-11-15', 1, 2),
(283, '2023-11-15', '09:11:05', 'inventario', 6, '2023-11-15', '2023-11-15', 1, 1),
(284, '2023-11-15', '09:12:16', 'inventario', 7, '2023-11-15', '2023-11-15', 1, 1),
(285, '2023-11-15', '09:13:04', 'inventario', 8, '2023-11-15', '2023-11-15', 1, 1),
(286, '2023-11-15', '09:13:30', 'inventario', 9, '2023-11-15', '2023-11-15', 1, 1),
(287, '2023-11-15', '09:15:08', 'lote', 4, '2023-11-15', '2023-11-15', 1, 2),
(288, '2023-11-15', '09:15:13', 'lote', 4, '2023-11-15', '2023-11-15', 1, 2),
(289, '2023-11-15', '09:15:25', 'lote', 6, '2023-11-15', '2023-11-15', 1, 2),
(290, '2023-11-15', '09:24:08', 'venta', 1, '2023-11-15', '2023-11-15', 1, 1),
(291, '2023-11-15', '09:24:51', 'detalle_factura', 1, '2023-11-15', '2023-11-15', 1, 1),
(292, '2023-11-15', '09:29:56', 'detalle_factura', 2, '2023-11-15', '2023-11-15', 1, 1),
(293, '2023-11-15', '09:30:59', 'venta', 1, '2023-11-15', '2023-11-15', 1, 2),
(294, '2023-11-15', '09:35:01', 'venta', 2, '2023-11-15', '2023-11-15', 1, 1),
(295, '2023-11-15', '09:38:10', 'detalle_factura', 3, '2023-11-15', '2023-11-15', 1, 1),
(296, '2023-11-15', '09:38:51', 'detalle_factura', 3, '2023-11-15', '2023-11-15', 1, 3),
(297, '2023-11-15', '09:38:51', 'venta', 2, '2023-11-15', '2023-11-15', 1, 3);

-- --------------------------------------------------------

--
-- Estructura de tabla para la tabla `cliente`
--

CREATE TABLE `cliente` (
  `idCliente` int(11) NOT NULL,
  `Nombre` varchar(255) CHARACTER SET utf8 COLLATE utf8_general_ci NOT NULL,
  `Nit` varchar(255) CHARACTER SET utf8 COLLATE utf8_general_ci NOT NULL,
  `telefono` varchar(255) CHARACTER SET utf8 COLLATE utf8_general_ci NOT NULL,
  `Estado` bit(1) NOT NULL,
  `createdAt` date NOT NULL,
  `updatedAt` date NOT NULL
) ENGINE=InnoDB DEFAULT CHARSET=utf8mb4 COLLATE=utf8mb4_general_ci;

--
-- Volcado de datos para la tabla `cliente`
--

INSERT INTO `cliente` (`idCliente`, `Nombre`, `Nit`, `telefono`, `Estado`, `createdAt`, `updatedAt`) VALUES
(1, 'Cliente A', '123456789', '11112222', b'1', '2023-10-17', '2023-10-17'),
(2, 'Juan-edit', '12345678901', '12315112', b'1', '2023-10-17', '2023-10-17'),
(3, 'juan', '123456789011', '1234', b'1', '2023-11-15', '2023-11-15'),
(4, 'Juan Pérez', '123456789-1', '50212345678', b'1', '2023-11-15', '2023-11-15'),
(5, 'María López', '987654321-2', '50223456789', b'0', '2023-11-14', '2023-11-15'),
(6, 'Pedro García', '24681012-3', '50234567890', b'1', '2023-11-13', '2023-11-15'),
(7, 'Luisa Martínez', '135792468-4', '50245678901', b'0', '2023-11-12', '2023-11-15'),
(8, 'Carlos Rodríguez', '111213141-5', '50256789012', b'1', '2023-11-11', '2023-11-15'),
(9, 'Ana Sánchez', '151413121-6', '50267890123', b'0', '2023-11-10', '2023-11-15'),
(10, 'Diego González', '161514131-7', '50278901234', b'1', '2023-11-09', '2023-11-15'),
(11, 'Laura Torres', '171615141-8', '50289012345', b'0', '2023-11-08', '2023-11-15'),
(12, 'Gabriel Herrera', '181716151-9', '50290123456', b'1', '2023-11-07', '2023-11-15'),
(13, 'Sofía Ramírez', '191817161-10', '50201234567', b'0', '2023-11-06', '2023-11-15'),
(14, 'Mateo Díaz', '202119181-11', '50212345678', b'1', '2023-11-05', '2023-11-15'),
(15, 'Valentina Castro', '212022192-12', '50223456789', b'0', '2023-11-04', '2023-11-15'),
(16, 'Joaquín Paz', '222320202-13', '50234567890', b'1', '2023-11-03', '2023-11-15'),
(17, 'Luciana Ramírez', '232124212-14', '50245678901', b'0', '2023-11-02', '2023-11-15'),
(18, 'Emilio Herrera', '242526222-15', '50256789012', b'1', '2023-11-01', '2023-11-15');

-- --------------------------------------------------------

--
-- Estructura de tabla para la tabla `controlentradas`
--

CREATE TABLE `controlentradas` (
  `IDControl` int(11) NOT NULL,
  `FechaIn` date NOT NULL,
  `HoraIn` time NOT NULL,
  `Estado` tinyint(1) NOT NULL,
  `FechaOut` date NOT NULL,
  `HoraOut` time NOT NULL,
  `createdAt` date NOT NULL,
  `updatedAt` date NOT NULL,
  `IDUsuarios` int(11) NOT NULL
) ENGINE=InnoDB DEFAULT CHARSET=utf8mb4 COLLATE=utf8mb4_general_ci;

--
-- Volcado de datos para la tabla `controlentradas`
--

INSERT INTO `controlentradas` (`IDControl`, `FechaIn`, `HoraIn`, `Estado`, `FechaOut`, `HoraOut`, `createdAt`, `updatedAt`, `IDUsuarios`) VALUES
(1, '2023-10-17', '12:42:34', 0, '2023-10-18', '00:44:24', '2023-10-17', '2023-10-18', 1),
(2, '2023-10-17', '13:46:45', 0, '2023-10-18', '00:44:24', '2023-10-17', '2023-10-18', 1),
(3, '2023-10-17', '13:48:17', 0, '2023-10-18', '00:44:24', '2023-10-17', '2023-10-18', 1),
(4, '2023-10-17', '13:50:56', 0, '2023-10-18', '00:44:24', '2023-10-17', '2023-10-18', 1),
(5, '2023-10-17', '13:53:20', 0, '2023-10-18', '00:44:24', '2023-10-17', '2023-10-18', 1),
(6, '2023-10-17', '15:23:46', 0, '2023-10-18', '00:44:24', '2023-10-17', '2023-10-18', 1),
(7, '2023-10-17', '15:24:45', 0, '2023-10-18', '00:45:27', '2023-10-17', '2023-10-18', 2),
(8, '2023-10-17', '18:31:05', 0, '2023-10-18', '00:44:24', '2023-10-18', '2023-10-18', 1),
(9, '2023-10-18', '00:29:05', 0, '2023-10-18', '00:44:24', '2023-10-18', '2023-10-18', 1),
(10, '2023-10-18', '00:32:48', 0, '2023-10-18', '00:44:24', '2023-10-18', '2023-10-18', 1),
(11, '2023-10-18', '00:34:30', 0, '2023-10-18', '00:44:24', '2023-10-18', '2023-10-18', 1),
(12, '2023-10-18', '00:34:59', 0, '2023-10-18', '00:44:24', '2023-10-18', '2023-10-18', 1),
(13, '2023-10-18', '00:35:15', 0, '2023-10-18', '00:44:24', '2023-10-18', '2023-10-18', 1),
(14, '2023-10-18', '00:37:26', 0, '2023-10-18', '00:44:24', '2023-10-18', '2023-10-18', 1),
(15, '2023-10-18', '00:44:19', 0, '2023-10-18', '00:44:24', '2023-10-18', '2023-10-18', 1),
(16, '2023-10-18', '00:45:11', 0, '2023-10-18', '00:45:27', '2023-10-18', '2023-10-18', 2),
(17, '2023-10-18', '02:27:48', 0, '2023-10-18', '03:36:14', '2023-10-18', '2023-10-18', 1),
(18, '2023-10-18', '03:36:17', 0, '2023-10-18', '03:37:52', '2023-10-18', '2023-10-18', 1),
(19, '2023-10-18', '03:38:00', 0, '2023-10-18', '03:41:13', '2023-10-18', '2023-10-18', 1),
(20, '2023-10-18', '03:38:03', 0, '2023-10-18', '03:41:13', '2023-10-18', '2023-10-18', 1),
(21, '2023-10-18', '03:38:14', 0, '2023-10-18', '03:41:13', '2023-10-18', '2023-10-18', 1),
(22, '2023-10-18', '03:38:35', 0, '2023-10-18', '03:41:13', '2023-10-18', '2023-10-18', 1),
(23, '2023-10-18', '03:38:39', 0, '2023-10-18', '03:41:13', '2023-10-18', '2023-10-18', 1),
(24, '2023-10-18', '03:38:40', 0, '2023-10-18', '03:41:13', '2023-10-18', '2023-10-18', 1),
(25, '2023-10-18', '03:39:05', 0, '2023-10-18', '03:41:13', '2023-10-18', '2023-10-18', 1),
(26, '2023-10-18', '03:40:57', 0, '2023-10-18', '03:41:13', '2023-10-18', '2023-10-18', 1),
(27, '2023-10-18', '03:41:17', 0, '2023-10-18', '03:42:55', '2023-10-18', '2023-10-18', 1),
(28, '2023-10-18', '03:42:59', 0, '2023-10-18', '03:43:59', '2023-10-18', '2023-10-18', 1),
(29, '2023-10-18', '03:44:08', 0, '2023-10-18', '03:45:13', '2023-10-18', '2023-10-18', 1),
(30, '2023-10-18', '03:45:32', 0, '2023-10-18', '03:46:08', '2023-10-18', '2023-10-18', 1),
(31, '2023-10-18', '03:46:13', 0, '2023-10-18', '04:30:14', '2023-10-18', '2023-10-18', 1),
(32, '2023-10-18', '03:53:31', 0, '2023-10-18', '04:30:14', '2023-10-18', '2023-10-18', 1),
(33, '2023-10-18', '04:30:17', 0, '2023-10-18', '04:44:34', '2023-10-18', '2023-10-18', 1),
(34, '2023-10-18', '04:44:36', 0, '2023-10-18', '06:18:15', '2023-10-18', '2023-10-18', 1),
(35, '2023-10-18', '06:18:17', 0, '2023-10-18', '06:24:06', '2023-10-18', '2023-10-18', 1),
(36, '2023-10-18', '06:24:08', 0, '2023-10-18', '06:40:17', '2023-10-18', '2023-10-18', 1),
(37, '2023-10-18', '06:40:19', 0, '2023-10-18', '06:40:44', '2023-10-18', '2023-10-18', 1),
(38, '2023-10-18', '06:40:53', 0, '2023-10-18', '06:41:33', '2023-10-18', '2023-10-18', 2),
(39, '2023-10-18', '06:41:40', 0, '2023-11-14', '17:38:16', '2023-10-18', '2023-11-14', 1),
(40, '2023-11-06', '09:22:44', 0, '2023-11-14', '17:38:16', '2023-11-06', '2023-11-14', 1),
(41, '2023-11-13', '19:02:40', 0, '2023-11-14', '17:38:16', '2023-11-14', '2023-11-14', 1),
(42, '2023-11-14', '08:38:04', 0, '2023-11-14', '17:38:16', '2023-11-14', '2023-11-14', 1),
(43, '2023-11-14', '16:42:32', 0, '2023-11-14', '17:38:16', '2023-11-14', '2023-11-14', 1),
(44, '2023-11-14', '17:38:18', 0, '2023-11-14', '17:39:25', '2023-11-14', '2023-11-14', 1),
(45, '2023-11-14', '17:39:27', 0, '2023-11-14', '17:40:02', '2023-11-14', '2023-11-14', 1),
(46, '2023-11-14', '17:40:04', 0, '2023-11-14', '17:49:26', '2023-11-14', '2023-11-14', 1),
(47, '2023-11-14', '17:49:34', 0, '2023-11-15', '08:36:13', '2023-11-14', '2023-11-15', 1),
(48, '2023-11-14', '23:22:12', 0, '2023-11-15', '08:36:13', '2023-11-15', '2023-11-15', 1),
(49, '2023-11-15', '08:36:08', 0, '2023-11-15', '08:36:13', '2023-11-15', '2023-11-15', 1),
(50, '2023-11-15', '08:43:24', 0, '2023-11-15', '09:19:50', '2023-11-15', '2023-11-15', 1),
(51, '2023-11-15', '09:19:57', 0, '2023-11-15', '09:48:23', '2023-11-15', '2023-11-15', 1),
(52, '2023-11-15', '09:51:08', 0, '2023-11-15', '12:44:17', '2023-11-15', '2023-11-15', 1),
(53, '2023-11-15', '12:41:24', 0, '2023-11-15', '12:44:17', '2023-11-15', '2023-11-15', 1),
(54, '2024-05-28', '17:28:05', 1, '0000-00-00', '00:00:00', '2024-05-28', '2024-05-28', 1);

-- --------------------------------------------------------

--
-- Estructura de tabla para la tabla `detalle_factura`
--

CREATE TABLE `detalle_factura` (
  `IdDetalle` int(11) NOT NULL,
  `Cantidad` int(11) NOT NULL,
  `subTotal` float NOT NULL,
  `createdAt` date NOT NULL,
  `updatedAt` date NOT NULL,
  `Idventa` int(11) NOT NULL,
  `IdInventario` int(11) NOT NULL,
  `IDLote` int(11) DEFAULT NULL
) ENGINE=InnoDB DEFAULT CHARSET=utf8mb4 COLLATE=utf8mb4_general_ci;

--
-- Volcado de datos para la tabla `detalle_factura`
--

INSERT INTO `detalle_factura` (`IdDetalle`, `Cantidad`, `subTotal`, `createdAt`, `updatedAt`, `Idventa`, `IdInventario`, `IDLote`) VALUES
(1, 3, 15, '2023-11-15', '2023-11-15', 1, 9, 12),
(2, 10, 20, '2023-11-15', '2023-11-15', 1, 6, 6);

-- --------------------------------------------------------

--
-- Estructura de tabla para la tabla `inventario`
--

CREATE TABLE `inventario` (
  `IdInventario` int(11) NOT NULL,
  `CantidadDisponible` int(11) NOT NULL,
  `PrecioVenta` float NOT NULL,
  `Estado` bit(1) NOT NULL,
  `createdAt` date NOT NULL,
  `updatedAt` date NOT NULL,
  `idMedicamento` int(11) NOT NULL
) ENGINE=InnoDB DEFAULT CHARSET=utf8mb4 COLLATE=utf8mb4_general_ci;

--
-- Volcado de datos para la tabla `inventario`
--

INSERT INTO `inventario` (`IdInventario`, `CantidadDisponible`, `PrecioVenta`, `Estado`, `createdAt`, `updatedAt`, `idMedicamento`) VALUES
(1, 369, 12.5, b'1', '2023-10-17', '2023-11-15', 1),
(4, 20, 10, b'0', '2023-11-15', '2023-11-15', 2),
(5, 100, 5, b'1', '2023-11-15', '2023-11-15', 4),
(6, 110, 2, b'1', '2023-11-15', '2023-11-15', 6),
(7, 150, 3.5, b'1', '2023-11-15', '2023-11-15', 8),
(8, 110, 10, b'0', '2023-11-15', '2023-11-15', 10),
(9, 127, 5, b'0', '2023-11-15', '2023-11-15', 12);

-- --------------------------------------------------------

--
-- Estructura de tabla para la tabla `lote`
--

CREATE TABLE `lote` (
  `IDLote` int(11) NOT NULL,
  `PrecioCompra` float NOT NULL,
  `Fecha_Ingreso` date NOT NULL,
  `Fecha_Vencimiento` date NOT NULL,
  `CantidadCompra` int(11) NOT NULL,
  `cantidadDisponible` int(11) NOT NULL,
  `Estado` tinyint(1) NOT NULL,
  `createdAt` date NOT NULL,
  `updatedAt` date NOT NULL,
  `IDProveedor` int(11) NOT NULL,
  `idMedicamento` int(11) NOT NULL
) ENGINE=InnoDB DEFAULT CHARSET=utf8mb4 COLLATE=utf8mb4_general_ci;

--
-- Volcado de datos para la tabla `lote`
--

INSERT INTO `lote` (`IDLote`, `PrecioCompra`, `Fecha_Ingreso`, `Fecha_Vencimiento`, `CantidadCompra`, `cantidadDisponible`, `Estado`, `createdAt`, `updatedAt`, `IDProveedor`, `idMedicamento`) VALUES
(1, 10, '2023-11-16', '2023-11-10', 510, 369, 0, '2023-10-17', '2023-11-15', 1, 1),
(2, 10, '2023-10-31', '2023-11-11', 10, 10, 0, '2023-11-15', '2023-11-15', 3, 2),
(3, 10, '2023-10-31', '2023-11-10', 10, 10, 0, '2023-11-15', '2023-11-15', 3, 2),
(4, 10.5, '2023-11-15', '2023-11-17', 100, 100, 0, '2023-11-15', '2023-11-15', 4, 4),
(5, 8.75, '2023-11-14', '2024-10-14', 80, 80, 1, '2023-11-14', '2023-11-15', 5, 5),
(6, 15.25, '2023-11-13', '2024-09-13', 120, 110, 1, '2023-11-13', '2023-11-15', 6, 6),
(7, 7.9, '2023-11-12', '2024-08-12', 60, 60, 1, '2023-11-12', '2023-11-15', 7, 7),
(8, 12, '2023-11-11', '2024-07-11', 150, 150, 1, '2023-11-11', '2023-11-15', 8, 8),
(9, 9.35, '2023-11-10', '2024-06-10', 90, 90, 1, '2023-11-10', '2023-11-15', 4, 9),
(10, 14.8, '2023-11-09', '2023-11-20', 110, 110, 0, '2023-11-09', '2023-11-15', 5, 10),
(11, 11.2, '2023-11-08', '2024-04-08', 70, 70, 0, '2023-11-08', '2023-11-15', 6, 11),
(12, 13.75, '2023-11-07', '2024-03-07', 130, 127, 0, '2023-11-07', '2023-11-15', 7, 12),
(13, 6.5, '2023-11-06', '2024-02-06', 40, 40, 0, '2023-11-06', '2023-11-15', 8, 13),
(14, 16, '2023-11-05', '2024-01-05', 160, 160, 0, '2023-11-05', '2023-11-15', 8, 14),
(15, 9.9, '2023-11-04', '2023-12-04', 95, 95, 0, '2023-11-04', '2023-11-15', 8, 15);

-- --------------------------------------------------------

--
-- Estructura de tabla para la tabla `medicamento`
--

CREATE TABLE `medicamento` (
  `idMedicamento` int(11) NOT NULL,
  `Nombre` varchar(255) CHARACTER SET utf8 COLLATE utf8_general_ci NOT NULL,
  `Descripcion` varchar(255) CHARACTER SET utf8 COLLATE utf8_general_ci NOT NULL,
  `Sustancias` varchar(255) CHARACTER SET utf8 COLLATE utf8_general_ci NOT NULL,
  `casaFarmaceutica` varchar(255) CHARACTER SET utf8 COLLATE utf8_general_ci NOT NULL,
  `Estado` bit(1) NOT NULL,
  `createdAt` date NOT NULL,
  `updatedAt` date NOT NULL
) ENGINE=InnoDB DEFAULT CHARSET=utf8mb4 COLLATE=utf8mb4_general_ci;

--
-- Volcado de datos para la tabla `medicamento`
--

INSERT INTO `medicamento` (`idMedicamento`, `Nombre`, `Descripcion`, `Sustancias`, `casaFarmaceutica`, `Estado`, `createdAt`, `updatedAt`) VALUES
(1, 'Medicamento A-edit', 'Descripción del Medicamento A', 'Sustancia A', 'Farmaceutica A', b'1', '2023-10-17', '2023-10-17'),
(2, 'MedicamentoB', 'Pruebatos', 'Xxxxxxx', 'Bayer', b'1', '2023-10-17', '2023-10-17'),
(3, 'P1', 'p1', 'p11', 'p1', b'0', '2023-10-17', '2023-11-15'),
(4, 'Paracetamol', 'Analgésico y antipirético', 'Paracetamol', 'Farmacia XYZ', b'1', '2023-11-15', '2023-11-15'),
(5, 'Ibuprofeno', 'Antiinflamatorio no esteroideo', 'Ibuprofeno', 'Farmacia ABC', b'0', '2023-11-14', '2023-11-15'),
(6, 'Omeprazol', 'Inhibidor de la bomba de protones', 'Omeprazol', 'Farmacia QRS', b'1', '2023-11-13', '2023-11-15'),
(7, 'Amoxicilina', 'Antibiótico', 'Amoxicilina', 'Farmacia DEF', b'0', '2023-11-12', '2023-11-15'),
(8, 'Loratadina', 'Antihistamínico', 'Loratadina', 'Farmacia TUV', b'1', '2023-11-11', '2023-11-15'),
(9, 'Atorvastatina', 'Estatina', 'Atorvastatina', 'Farmacia GHI', b'0', '2023-11-10', '2023-11-15'),
(10, 'Metformina', 'Antidiabético oral', 'Metformina', 'Farmacia WXY', b'1', '2023-11-09', '2023-11-15'),
(11, 'Sertralina', 'Antidepresivo', 'Sertralina', 'Farmacia JKL', b'0', '2023-11-08', '2023-11-15'),
(12, 'Warfarina', 'Anticoagulante', 'Warfarina', 'Farmacia NOP', b'1', '2023-11-07', '2023-11-15'),
(13, 'Diazepam', 'Benzodiacepina', 'Diazepam', 'Farmacia RST', b'0', '2023-11-06', '2023-11-15'),
(14, 'Furosemida', 'Diurético', 'Furosemida', 'Farmacia UVW', b'1', '2023-11-05', '2023-11-15'),
(15, 'Metoprolol', 'Betabloqueante', 'Metoprolol', 'Farmacia XYZ', b'0', '2023-11-04', '2023-11-15'),
(16, 'Enalapril', 'Inhibidor de la enzima convertidora de angiotensina', 'Enalapril', 'Farmacia ABC', b'1', '2023-11-03', '2023-11-15'),
(17, 'Ciprofloxacino', 'Antibiótico de amplio espectro', 'Ciprofloxacino', 'Farmacia QRS', b'0', '2023-11-02', '2023-11-15'),
(18, 'Levotiroxina', 'Hormona tiroidea sintética', 'Levotiroxina', 'Farmacia DEF', b'1', '2023-11-01', '2023-11-15');

-- --------------------------------------------------------

--
-- Estructura de tabla para la tabla `persona`
--

CREATE TABLE `persona` (
  `idPersona` int(11) NOT NULL,
  `idRol` int(11) NOT NULL,
  `Nombres` varchar(255) CHARACTER SET utf8 COLLATE utf8_general_ci NOT NULL,
  `CUI` int(11) NOT NULL,
  `FechaNacimiento` date NOT NULL,
  `Direccion` varchar(255) CHARACTER SET utf8 COLLATE utf8_general_ci NOT NULL,
  `Estado` tinyint(1) NOT NULL,
  `Telefono` varchar(255) CHARACTER SET utf8 COLLATE utf8_general_ci NOT NULL,
  `Salario` float NOT NULL,
  `Titulacion` varchar(255) CHARACTER SET utf8 COLLATE utf8_general_ci NOT NULL,
  `createdAt` date NOT NULL,
  `updatedAt` date NOT NULL
) ENGINE=InnoDB DEFAULT CHARSET=utf8mb4 COLLATE=utf8mb4_general_ci;

--
-- Volcado de datos para la tabla `persona`
--

INSERT INTO `persona` (`idPersona`, `idRol`, `Nombres`, `CUI`, `FechaNacimiento`, `Direccion`, `Estado`, `Telefono`, `Salario`, `Titulacion`, `createdAt`, `updatedAt`) VALUES
(1, 1, 'Juan Pérez', 1001001, '1980-05-15', '1A Calle, Zona 1, Ciudad de Guatemala', 1, '12345678', 2500, 'Médico', '2023-10-17', '2023-10-17'),
(2, 2, 'Ajpop', 1234456, '0000-00-00', 'xxxx', 1, '43242123', 100.5, 'xxxxx', '0000-00-00', '0000-00-00');

-- --------------------------------------------------------

--
-- Estructura de tabla para la tabla `proveedor`
--

CREATE TABLE `proveedor` (
  `IDProveedor` int(11) NOT NULL,
  `Nombre` varchar(255) CHARACTER SET utf8 COLLATE utf8_general_ci NOT NULL,
  `Direccion` varchar(255) CHARACTER SET utf8 COLLATE utf8_general_ci NOT NULL,
  `telefono` varchar(255) CHARACTER SET utf8 COLLATE utf8_general_ci NOT NULL,
  `Descripcion` varchar(255) CHARACTER SET utf8 COLLATE utf8_general_ci NOT NULL,
  `Estado` bit(1) NOT NULL,
  `createdAt` date NOT NULL,
  `updatedAt` date NOT NULL
) ENGINE=InnoDB DEFAULT CHARSET=utf8mb4 COLLATE=utf8mb4_general_ci;

--
-- Volcado de datos para la tabla `proveedor`
--

INSERT INTO `proveedor` (`IDProveedor`, `Nombre`, `Direccion`, `telefono`, `Descripcion`, `Estado`, `createdAt`, `updatedAt`) VALUES
(1, 'Proveedor B', '1A Calle, Zona 1, Ciudad de Guatemala', '12345678', 'Distribuidora de medicamentos', b'1', '2023-10-17', '2023-10-17'),
(2, 'Proveedor A', '1A Calle, Zona 1, Ciudad de Guatemala', '12345678', 'Distribuidora de medicamentos', b'0', '2023-10-17', '2023-10-17'),
(3, 'Proveedor C', 'Guatemala', '12315112', 'Vendedor de shamopu', b'1', '2023-10-17', '2023-10-17'),
(4, 's', 'Guatemala', '12315112', 's', b'1', '2023-10-17', '2023-10-17'),
(5, 'Prueba', 'xela', '123456789', 'xxxxxx', b'0', '2023-10-18', '2023-10-18'),
(6, 'Farmacias Galeno', '5a. Avenida 5-55, Ciudad', '50212345678', 'Proveedor de medicamentos', b'1', '2023-11-15', '2023-11-15'),
(7, 'Distribuidora Médica', '12 Calle 3-33, Pueblo', '50223456789', 'Proveedor de suministros médicos', b'0', '2023-11-14', '2023-11-15'),
(8, 'MediCorp', '9a. Calle 7-77, Villa', '50234567890', 'Proveedor autorizado de insumos médicos', b'1', '2023-11-13', '2023-11-15'),
(9, 'SaludFarma', 'Av. Reforma 15-150, Aldea', '50245678901', 'Proveedor confiable de medicamentos genéricos', b'0', '2023-11-12', '2023-11-15'),
(10, 'Suministros Hospitalarios', '20 Calle 10-101, Colonia', '50256789012', 'Proveedor de suministros para hospitales', b'1', '2023-11-11', '2023-11-15');

-- --------------------------------------------------------

--
-- Estructura de tabla para la tabla `rol`
--

CREATE TABLE `rol` (
  `idRol` int(11) NOT NULL,
  `Rol` varchar(255) CHARACTER SET utf8 COLLATE utf8_general_ci NOT NULL,
  `Descripcion` varchar(255) CHARACTER SET utf8 COLLATE utf8_general_ci NOT NULL,
  `vProveedores` bit(1) NOT NULL,
  `vMedicamentos` bit(1) NOT NULL,
  `vInventario` bit(1) NOT NULL,
  `vCliente` bit(1) NOT NULL,
  `vRol` bit(1) NOT NULL,
  `vLote` bit(1) NOT NULL,
  `vUsuario` bit(1) NOT NULL,
  `vVenta` bit(1) NOT NULL,
  `vPersona` bit(1) NOT NULL,
  `vReportes` bit(1) NOT NULL,
  `createdAt` date NOT NULL,
  `updatedAt` date NOT NULL
) ENGINE=InnoDB DEFAULT CHARSET=utf8mb4 COLLATE=utf8mb4_general_ci;

--
-- Volcado de datos para la tabla `rol`
--

INSERT INTO `rol` (`idRol`, `Rol`, `Descripcion`, `vProveedores`, `vMedicamentos`, `vInventario`, `vCliente`, `vRol`, `vLote`, `vUsuario`, `vVenta`, `vPersona`, `vReportes`, `createdAt`, `updatedAt`) VALUES
(1, 'Administrador', 'Rol con acceso total al sistema', b'1', b'1', b'1', b'1', b'1', b'1', b'1', b'1', b'1', b'1', '2023-10-17', '2023-10-17'),
(2, 'Bodeguero', 'Rol con acceso total al sistema', b'0', b'0', b'1', b'0', b'0', b'1', b'0', b'0', b'0', b'0', '2023-10-17', '2023-10-17'),
(3, 'Vendedor', 'Rol con acceso total al sistema', b'1', b'1', b'1', b'1', b'1', b'1', b'1', b'1', b'1', b'1', '2023-10-17', '2023-10-17'),
(4, 'Secretaria', 'Rol con acceso total al sistema', b'1', b'1', b'1', b'1', b'1', b'1', b'1', b'1', b'1', b'1', '2023-10-17', '2023-10-17');

-- --------------------------------------------------------

--
-- Estructura de tabla para la tabla `tipomovimiento`
--

CREATE TABLE `tipomovimiento` (
  `idTipoMovimiento` int(11) NOT NULL,
  `Movimiento` varchar(100) NOT NULL,
  `Descripcion` varchar(250) NOT NULL,
  `createdAt` date NOT NULL,
  `updatedAt` date NOT NULL
) ENGINE=InnoDB DEFAULT CHARSET=utf8mb4 COLLATE=utf8mb4_general_ci;

--
-- Volcado de datos para la tabla `tipomovimiento`
--

INSERT INTO `tipomovimiento` (`idTipoMovimiento`, `Movimiento`, `Descripcion`, `createdAt`, `updatedAt`) VALUES
(1, 'Registro', 'Se Creo un nuevo registro', '2023-10-17', '2023-10-17'),
(2, 'Actualizacion', 'Se Creo un nuevo registro', '2023-10-17', '2023-10-17'),
(3, 'Eliminacion', 'Se Elimino un registro', '2023-10-17', '2023-10-17'),
(4, 'Prueba', 'Se Elimino un registro', '2023-10-17', '2023-10-17');

-- --------------------------------------------------------

--
-- Estructura de tabla para la tabla `usuario`
--

CREATE TABLE `usuario` (
  `IDUsuarios` int(11) NOT NULL,
  `Usuario` varchar(255) CHARACTER SET utf8 COLLATE utf8_general_ci NOT NULL,
  `Contraseña` varchar(255) CHARACTER SET utf8 COLLATE utf8_general_ci NOT NULL,
  `Estado` tinyint(1) NOT NULL,
  `createdAt` date NOT NULL,
  `updatedAt` date NOT NULL,
  `idPersona` int(11) NOT NULL
) ENGINE=InnoDB DEFAULT CHARSET=utf8mb4 COLLATE=utf8mb4_general_ci;

--
-- Volcado de datos para la tabla `usuario`
--

INSERT INTO `usuario` (`IDUsuarios`, `Usuario`, `Contraseña`, `Estado`, `createdAt`, `updatedAt`, `idPersona`) VALUES
(1, 'user@s', '$2b$10$2HfqLgqXwDbdPareCTSwi.qLak8HWRwyAly85lvzNAf1Pm0XBnOMW', 1, '2023-10-17', '2023-10-17', 1),
(2, 'user2', '$2b$10$2HfqLgqXwDbdPareCTSwi.qLak8HWRwyAly85lvzNAf1Pm0XBnOMW', 1, '0000-00-00', '0000-00-00', 2);

-- --------------------------------------------------------

--
-- Estructura de tabla para la tabla `venta`
--

CREATE TABLE `venta` (
  `Idventa` int(11) NOT NULL,
  `Fecha` date NOT NULL,
  `MontoTotal` float NOT NULL,
  `createdAt` date NOT NULL,
  `updatedAt` date NOT NULL,
  `idCliente` int(11) NOT NULL,
  `idPersona` int(11) NOT NULL
) ENGINE=InnoDB DEFAULT CHARSET=utf8mb4 COLLATE=utf8mb4_general_ci;

--
-- Volcado de datos para la tabla `venta`
--

INSERT INTO `venta` (`Idventa`, `Fecha`, `MontoTotal`, `createdAt`, `updatedAt`, `idCliente`, `idPersona`) VALUES
(1, '2023-11-15', 35, '2023-11-15', '2023-11-15', 12, 1);

--
-- Índices para tablas volcadas
--

--
-- Indices de la tabla `auditoria`
--
ALTER TABLE `auditoria`
  ADD PRIMARY KEY (`IdAuditoria`),
  ADD KEY `IDUsuarios` (`IDUsuarios`),
  ADD KEY `idTipoMovimiento` (`idTipoMovimiento`);

--
-- Indices de la tabla `cliente`
--
ALTER TABLE `cliente`
  ADD PRIMARY KEY (`idCliente`);

--
-- Indices de la tabla `controlentradas`
--
ALTER TABLE `controlentradas`
  ADD PRIMARY KEY (`IDControl`),
  ADD KEY `IDUsuarios` (`IDUsuarios`);

--
-- Indices de la tabla `detalle_factura`
--
ALTER TABLE `detalle_factura`
  ADD PRIMARY KEY (`IdDetalle`),
  ADD KEY `Idventa` (`Idventa`),
  ADD KEY `IdInventario` (`IdInventario`),
  ADD KEY `fk_lote_IDLote` (`IDLote`);

--
-- Indices de la tabla `inventario`
--
ALTER TABLE `inventario`
  ADD PRIMARY KEY (`IdInventario`),
  ADD KEY `idMedicamento` (`idMedicamento`);

--
-- Indices de la tabla `lote`
--
ALTER TABLE `lote`
  ADD PRIMARY KEY (`IDLote`),
  ADD KEY `IDProveedor` (`IDProveedor`),
  ADD KEY `idMedicamento` (`idMedicamento`);

--
-- Indices de la tabla `medicamento`
--
ALTER TABLE `medicamento`
  ADD PRIMARY KEY (`idMedicamento`);

--
-- Indices de la tabla `persona`
--
ALTER TABLE `persona`
  ADD PRIMARY KEY (`idPersona`),
  ADD KEY `idRol` (`idRol`);

--
-- Indices de la tabla `proveedor`
--
ALTER TABLE `proveedor`
  ADD PRIMARY KEY (`IDProveedor`);

--
-- Indices de la tabla `rol`
--
ALTER TABLE `rol`
  ADD PRIMARY KEY (`idRol`);

--
-- Indices de la tabla `tipomovimiento`
--
ALTER TABLE `tipomovimiento`
  ADD PRIMARY KEY (`idTipoMovimiento`);

--
-- Indices de la tabla `usuario`
--
ALTER TABLE `usuario`
  ADD PRIMARY KEY (`IDUsuarios`),
  ADD KEY `idPersona` (`idPersona`);

--
-- Indices de la tabla `venta`
--
ALTER TABLE `venta`
  ADD PRIMARY KEY (`Idventa`),
  ADD KEY `idCliente` (`idCliente`),
  ADD KEY `idPersona` (`idPersona`);

--
-- AUTO_INCREMENT de las tablas volcadas
--

--
-- AUTO_INCREMENT de la tabla `auditoria`
--
ALTER TABLE `auditoria`
  MODIFY `IdAuditoria` int(11) NOT NULL AUTO_INCREMENT, AUTO_INCREMENT=298;

--
-- AUTO_INCREMENT de la tabla `cliente`
--
ALTER TABLE `cliente`
  MODIFY `idCliente` int(11) NOT NULL AUTO_INCREMENT, AUTO_INCREMENT=19;

--
-- AUTO_INCREMENT de la tabla `controlentradas`
--
ALTER TABLE `controlentradas`
  MODIFY `IDControl` int(11) NOT NULL AUTO_INCREMENT, AUTO_INCREMENT=55;

--
-- AUTO_INCREMENT de la tabla `detalle_factura`
--
ALTER TABLE `detalle_factura`
  MODIFY `IdDetalle` int(11) NOT NULL AUTO_INCREMENT, AUTO_INCREMENT=4;

--
-- AUTO_INCREMENT de la tabla `inventario`
--
ALTER TABLE `inventario`
  MODIFY `IdInventario` int(11) NOT NULL AUTO_INCREMENT, AUTO_INCREMENT=10;

--
-- AUTO_INCREMENT de la tabla `lote`
--
ALTER TABLE `lote`
  MODIFY `IDLote` int(11) NOT NULL AUTO_INCREMENT, AUTO_INCREMENT=16;

--
-- AUTO_INCREMENT de la tabla `medicamento`
--
ALTER TABLE `medicamento`
  MODIFY `idMedicamento` int(11) NOT NULL AUTO_INCREMENT, AUTO_INCREMENT=19;

--
-- AUTO_INCREMENT de la tabla `persona`
--
ALTER TABLE `persona`
  MODIFY `idPersona` int(11) NOT NULL AUTO_INCREMENT, AUTO_INCREMENT=3;

--
-- AUTO_INCREMENT de la tabla `proveedor`
--
ALTER TABLE `proveedor`
  MODIFY `IDProveedor` int(11) NOT NULL AUTO_INCREMENT, AUTO_INCREMENT=11;

--
-- AUTO_INCREMENT de la tabla `rol`
--
ALTER TABLE `rol`
  MODIFY `idRol` int(11) NOT NULL AUTO_INCREMENT, AUTO_INCREMENT=5;

--
-- AUTO_INCREMENT de la tabla `tipomovimiento`
--
ALTER TABLE `tipomovimiento`
  MODIFY `idTipoMovimiento` int(11) NOT NULL AUTO_INCREMENT, AUTO_INCREMENT=5;

--
-- AUTO_INCREMENT de la tabla `usuario`
--
ALTER TABLE `usuario`
  MODIFY `IDUsuarios` int(11) NOT NULL AUTO_INCREMENT, AUTO_INCREMENT=3;

--
-- AUTO_INCREMENT de la tabla `venta`
--
ALTER TABLE `venta`
  MODIFY `Idventa` int(11) NOT NULL AUTO_INCREMENT, AUTO_INCREMENT=3;

--
-- Restricciones para tablas volcadas
--

--
-- Filtros para la tabla `auditoria`
--
ALTER TABLE `auditoria`
  ADD CONSTRAINT `auditoria_ibfk_1` FOREIGN KEY (`IDUsuarios`) REFERENCES `usuario` (`IDUsuarios`),
  ADD CONSTRAINT `auditoria_ibfk_2` FOREIGN KEY (`idTipoMovimiento`) REFERENCES `tipomovimiento` (`idTipoMovimiento`);

--
-- Filtros para la tabla `controlentradas`
--
ALTER TABLE `controlentradas`
  ADD CONSTRAINT `controlentradas_ibfk_1` FOREIGN KEY (`IDUsuarios`) REFERENCES `usuario` (`IDUsuarios`);

--
-- Filtros para la tabla `detalle_factura`
--
ALTER TABLE `detalle_factura`
  ADD CONSTRAINT `detalle_factura_ibfk_1` FOREIGN KEY (`Idventa`) REFERENCES `venta` (`Idventa`),
  ADD CONSTRAINT `detalle_factura_ibfk_2` FOREIGN KEY (`IdInventario`) REFERENCES `inventario` (`IdInventario`),
  ADD CONSTRAINT `fk_lote_IDLote` FOREIGN KEY (`IDLote`) REFERENCES `lote` (`IDLote`);

--
-- Filtros para la tabla `inventario`
--
ALTER TABLE `inventario`
  ADD CONSTRAINT `inventario_ibfk_1` FOREIGN KEY (`idMedicamento`) REFERENCES `medicamento` (`idMedicamento`);

--
-- Filtros para la tabla `lote`
--
ALTER TABLE `lote`
  ADD CONSTRAINT `lote_ibfk_1` FOREIGN KEY (`IDProveedor`) REFERENCES `proveedor` (`IDProveedor`),
  ADD CONSTRAINT `lote_ibfk_2` FOREIGN KEY (`idMedicamento`) REFERENCES `medicamento` (`idMedicamento`);

--
-- Filtros para la tabla `persona`
--
ALTER TABLE `persona`
  ADD CONSTRAINT `persona_ibfk_1` FOREIGN KEY (`idRol`) REFERENCES `rol` (`idRol`);

--
-- Filtros para la tabla `usuario`
--
ALTER TABLE `usuario`
  ADD CONSTRAINT `usuario_ibfk_1` FOREIGN KEY (`idPersona`) REFERENCES `persona` (`idPersona`);

--
-- Filtros para la tabla `venta`
--
ALTER TABLE `venta`
  ADD CONSTRAINT `venta_ibfk_1` FOREIGN KEY (`idCliente`) REFERENCES `cliente` (`idCliente`),
  ADD CONSTRAINT `venta_ibfk_2` FOREIGN KEY (`idPersona`) REFERENCES `persona` (`idPersona`);
COMMIT;

/*!40101 SET CHARACTER_SET_CLIENT=@OLD_CHARACTER_SET_CLIENT */;
/*!40101 SET CHARACTER_SET_RESULTS=@OLD_CHARACTER_SET_RESULTS */;
/*!40101 SET COLLATION_CONNECTION=@OLD_COLLATION_CONNECTION */;
